번호,일련번호,사용여부
101,JTBF-8ZSH,미사용
102,CMBN-NAZ5,미사용
103,FHED-JNP2,미사용
104,WKZ8-DKD2,미사용
105,GJUD-9NB2,미사용
106,FNUG-M926,미사용
107,KRP4-32GV,미사용
108,SVSR-Z49K,미사용
109,U8SA-XDHX,미사용
110,W24U-8Y67,미사용
111,BAE6-Y5H7,미사용
112,97ZJ-WYF4,미사용
113,6NMX-C9R4,미사용
114,VRCW-YDXA,미사용
115,26HT-HV9Y,미사용
116,CRG2-MJ4Y,미사용
117,AQ4F-PU6U,미사용
118,KDK5-YKAF,미사용
119,5MCV-SR99,미사용
120,9RRS-3K7U,미사용
121,M3CD-WXJ3,미사용
122,GRNS-WMK9,미사용
123,Y7XH-K5XT,미사용
124,53VU-8BPU,미사용
125,TCKD-32H8,미사용
126,3HSS-KRAD,미사용
127,FQQA-BQ5Y,미사용
128,J27E-RSXE,미사용
129,XMVC-H99S,미사용
130,5JEF-QB8Z,미사용
131,ZCMR-WWC6,미사용
132,H5K7-27JT,미사용
133,6BD9-PGF5,미사용
134,XMGP-WREW,미사용
135,3ERX-Q4P2,미사용
136,84A8-53NA,미사용
137,DDDH-V7RN,미사용
138,F2VQ-TEZZ,미사용
139,DQTA-UN27,미사용
140,U3XU-A95D,미사용
141,72B7-76RR,미사용
142,5KYQ-S4AJ,미사용
143,PCA8-PJEM,미사용
144,QZU8-7Q5U,미사용
145,HQZN-33C4,미사용
146,BWWK-UVBW,미사용
147,ZX24-HAQC,미사용
148,88GQ-ACUD,미사용
149,F5JH-UXCA,미사용
150,QSE9-QATG,미사용
151,HRYN-7FBF,미사용
152,BNVM-ZQEQ,미사용
153,JT32-9EFP,미사용
154,5CKY-QE43,미사용
155,BYFF-W4NG,미사용
156,8H5F-ZP9C,미사용
157,T3JG-UVH9,미사용
158,KD4P-PKP6,미사용
159,B5BM-G3KH,미사용
160,ND3J-WXMM,미사용
161,9BK8-HF6F,미사용
162,AAP8-4FXY,미사용
163,9KG7-9R3Z,미사용
164,DMFT-SPAC,미사용
165,5NZX-53K7,미사용
166,WW73-ADZ9,미사용
167,CXUW-RQN2,미사용
168,2ZJR-UKC7,미사용
169,TU95-34JM,미사용
170,NTPH-6YZM,미사용
171,J4XZ-XJSW,미사용
172,WPTP-W3FW,미사용
173,ST8C-U72U,미사용
174,2MUC-SWCT,미사용
175,EPR2-SH9R,미사용
176,FW6W-527Y,미사용
177,KXSE-AEHC,미사용
178,QBWP-RGCM,미사용
179,TYDF-T68S,미사용
180,AMU7-JJJ8,미사용
181,Q8UA-F6GY,미사용
182,GTC9-4WVG,미사용
183,NJG5-FPFR,미사용
184,W6M8-7E33,미사용
185,GEZZ-VBUE,미사용
186,QTHZ-JKYT,미사용
187,DWND-EDJZ,미사용
188,YTH3-TXYN,미사용
189,BH8S-E3JJ,미사용
190,XBDT-G7QV,미사용
191,Z3WP-Y7TB,미사용
192,V92V-3W9D,미사용
193,V5HS-NKV5,미사용
194,WJ64-ZR3M,미사용
195,M2EW-CZTF,미사용
196,T3BW-J287,미사용
197,FXTQ-XTWB,미사용
198,FQ78-2Z82,미사용
199,PP9V-JSY9,미사용
200,8D8M-3NGU,미사용